-inf,inf
inf,-inf
100128.0,-nan,60.219002000000003250,nan,nan,-nan,400.272691000000008898,nan,nan
-nan,-nan
nan
nan
