-nan,-nan
-nan,-nan
100128.0,-nan,63.291921000000002095,nan,nan,-nan,427.636213999999995394,nan,nan
-nan,-nan
nan
nan
