-nan,-nan
-nan,-nan
100128.0,-nan,58.938718000000001496,nan,nan,-nan,397.403177000000027874,nan,nan
-nan,-nan
nan
nan
