-nan,-nan
inf,-inf
100128.0,-nan,59.417076000000001557,nan,nan,-nan,401.634328999999979715,nan,nan
-nan,-nan
nan
nan
